Município,Ano,
Abreu e Lima (PE),2002,275815
,2003,324188
,2004,412996
,2005,469328
,2006,515777
,2007,562283
,2008,664344
,2009,740917
,2010,853291
,2011,946179
,2012,1113557
,2013,1220149
,2014,1344884
,2015,1333651
,2016,1416084
,2017,2003665
Afogados da Ingazeira (PE),2002,90195
,2003,98847
,2004,98120
,2005,111678
,2006,130875
,2007,138057
,2008,160368
,2009,183839
,2010,191904
,2011,232806
,2012,278970
,2013,329764
,2014,385724
,2015,365497
,2016,385412
,2017,405163
Afrânio (PE),2002,26062
,2003,29761
,2004,34341
,2005,41854
,2006,47960
,2007,53865
,2008,60545
,2009,72009
,2010,82805
,2011,94983
,2012,108331
,2013,123723
,2014,133466
,2015,143591
,2016,150207
,2017,166154
Agrestina (PE),2002,46045
,2003,53172
,2004,58749
,2005,65941
,2006,70931
,2007,80198
,2008,91602
,2009,102180
,2010,115743
,2011,130074
,2012,149573
,2013,168244
,2014,195479
,2015,200478
,2016,220756
,2017,248265
Água Preta (PE),2002,63874
,2003,67081
,2004,78521
,2005,88390
,2006,97465
,2007,103309
,2008,113005
,2009,139841
,2010,141819
,2011,209774
,2012,208802
,2013,181039
,2014,205770
,2015,221673
,2016,225878
,2017,239879
Águas Belas (PE),2002,68550
,2003,72241
,2004,84009
,2005,90505
,2006,104398
,2007,114632
,2008,133666
,2009,152106
,2010,168444
,2011,195003
,2012,221537
,2013,242963
,2014,266570
,2015,285979
,2016,313206
,2017,334409
Alagoinha (PE),2002,24764
,2003,28227
,2004,32191
,2005,37472
,2006,42610
,2007,49607
,2008,58860
,2009,66530
,2010,73735
,2011,79933
,2012,86654
,2013,98855
,2014,104547
,2015,113100
,2016,118907
,2017,124672
Aliança (PE),2002,81551
,2003,90636
,2004,97513
,2005,109647
,2006,137410
,2007,138455
,2008,158768
,2009,182353
,2010,200480
,2011,204928
,2012,212489
,2013,233526
,2014,257732
,2015,267519
,2016,299930
,2017,313660
Altinho (PE),2002,38219
,2003,40244
,2004,45180
,2005,51447
,2006,55458
,2007,60048
,2008,68532
,2009,79387
,2010,88401
,2011,97856
,2012,110693
,2013,117968
,2014,134777
,2015,136070
,2016,139795
,2017,153959
Amaraji (PE),2002,59110
,2003,67238
,2004,70475
,2005,76074
,2006,83533
,2007,81925
,2008,93477
,2009,104462
,2010,124547
,2011,135805
,2012,136955
,2013,156830
,2014,163399
,2015,169480
,2016,186377
,2017,209661
Angelim (PE),2002,18295
,2003,22113
,2004,23128
,2005,27401
,2006,30395
,2007,34307
,2008,39461
,2009,42503
,2010,47342
,2011,54667
,2012,62792
,2013,70160
,2014,82436
,2015,96894
,2016,111109
,2017,113954
Araçoiaba (PE),2002,25056
,2003,28762
,2004,36556
,2005,37993
,2006,51425
,2007,48160
,2008,53728
,2009,56711
,2010,67748
,2011,74728
,2012,79702
,2013,96281
,2014,114622
,2015,114879
,2016,128979
,2017,139026
Araripina (PE),2002,173153
,2003,193855
,2004,201945
,2005,225166
,2006,255449
,2007,287724
,2008,361346
,2009,382031
,2010,462791
,2011,486868
,2012,598091
,2013,681296
,2014,778797
,2015,758157
,2016,786323
,2017,987497
Arcoverde (PE),2002,165666
,2003,180582
,2004,218833
,2005,240370
,2006,277109
,2007,316435
,2008,358969
,2009,394492
,2010,447133
,2011,535104
,2012,683212
,2013,779395
,2014,874042
,2015,803846
,2016,948980
,2017,978164
Barra de Guabiraba (PE),2002,24138
,2003,25141
,2004,28744
,2005,30344
,2006,31855
,2007,37637
,2008,43847
,2009,49191
,2010,55069
,2011,61590
,2012,66788
,2013,69626
,2014,79737
,2015,84736
,2016,93194
,2017,101795
Barreiros (PE),2002,82991
,2003,93039
,2004,110696
,2005,129524
,2006,128017
,2007,147063
,2008,161914
,2009,186590
,2010,206234
,2011,251207
,2012,297113
,2013,342398
,2014,392303
,2015,393926
,2016,410024
,2017,429725
Belém de Maria (PE),2002,21130
,2003,22695
,2004,26183
,2005,29474
,2006,32886
,2007,34512
,2008,34507
,2009,40119
,2010,48905
,2011,54720
,2012,57491
,2013,62666
,2014,63269
,2015,62839
,2016,72155
,2017,76813
Belém do São Francisco (PE),2002,44890
,2003,47396
,2004,54490
,2005,61273
,2006,61677
,2007,73167
,2008,85145
,2009,94571
,2010,99820
,2011,109857
,2012,134683
,2013,140902
,2014,158286
,2015,160155
,2016,186778
,2017,203238
Belo Jardim (PE),2002,240891
,2003,267452
,2004,330371
,2005,390464
,2006,427240
,2007,502865
,2008,660614
,2009,688761
,2010,811692
,2011,922231
,2012,1056492
,2013,1265451
,2014,1315565
,2015,1318327
,2016,1504741
,2017,1804833
Betânia (PE),2002,19416
,2003,22631
,2004,22252
,2005,28212
,2006,33343
,2007,37909
,2008,42647
,2009,57637
,2010,46227
,2011,54016
,2012,56136
,2013,59393
,2014,70822
,2015,69398
,2016,71180
,2017,89784
Bezerros (PE),2002,132218
,2003,149102
,2004,160269
,2005,178388
,2006,211725
,2007,268182
,2008,322507
,2009,282175
,2010,381017
,2011,437383
,2012,503863
,2013,528409
,2014,588291
,2015,612979
,2016,641654
,2017,711603
Bodocó (PE),2002,49900
,2003,57196
,2004,66647
,2005,75951
,2006,89550
,2007,98479
,2008,125295
,2009,131520
,2010,144323
,2011,154265
,2012,170204
,2013,189119
,2014,209577
,2015,230476
,2016,236718
,2017,247381
Bom Conselho (PE),2002,80598
,2003,87227
,2004,103032
,2005,119057
,2006,136069
,2007,149695
,2008,171379
,2009,193052
,2010,249367
,2011,292350
,2012,324775
,2013,336222
,2014,407477
,2015,436582
,2016,476159
,2017,481184
Bom Jardim (PE),2002,72994
,2003,72290
,2004,80983
,2005,90814
,2006,112980
,2007,123947
,2008,139088
,2009,151783
,2010,177434
,2011,181634
,2012,204559
,2013,215891
,2014,244799
,2015,249553
,2016,315797
,2017,340009
Bonito (PE),2002,92787
,2003,101413
,2004,111488
,2005,128192
,2006,138972
,2007,146683
,2008,154391
,2009,178971
,2010,219701
,2011,245938
,2012,259229
,2013,271777
,2014,302961
,2015,319492
,2016,363574
,2017,402879
Brejão (PE),2002,26906
,2003,24144
,2004,26973
,2005,31625
,2006,39547
,2007,41784
,2008,44012
,2009,47170
,2010,51371
,2011,61760
,2012,68969
,2013,80516
,2014,93623
,2015,96424
,2016,134208
,2017,168389
Brejinho (PE),2002,12911
,2003,14512
,2004,13841
,2005,15695
,2006,18351
,2007,22472
,2008,25825
,2009,26827
,2010,28450
,2011,33337
,2012,37715
,2013,41258
,2014,45713
,2015,48181
,2016,53094
,2017,51754
Brejo da Madre de Deus (PE),2002,63690
,2003,69873
,2004,80667
,2005,93519
,2006,107344
,2007,116079
,2008,133643
,2009,149147
,2010,179427
,2011,193404
,2012,224069
,2013,243722
,2014,281942
,2015,298753
,2016,325242
,2017,353203
Buenos Aires (PE),2002,27989
,2003,30634
,2004,32198
,2005,35189
,2006,41341
,2007,44052
,2008,49191
,2009,54626
,2010,61594
,2011,62959
,2012,64085
,2013,69592
,2014,77939
,2015,81550
,2016,82392
,2017,91106
Buíque (PE),2002,71389
,2003,78417
,2004,91377
,2005,116107
,2006,141711
,2007,162619
,2008,191015
,2009,220686
,2010,223750
,2011,252921
,2012,323914
,2013,299323
,2014,318581
,2015,340511
,2016,380715
,2017,411083
Cabo de Santo Agostinho (PE),2002,1641591
,2003,2134260
,2004,2280527
,2005,2460783
,2006,2418508
,2007,2637189
,2008,3107869
,2009,3421360
,2010,4422989
,2011,5518101
,2012,6259391
,2013,7522346
,2014,7887875
,2015,8078057
,2016,8656731
,2017,9964401
Cabrobó (PE),2002,70788
,2003,77413
,2004,96129
,2005,108006
,2006,108874
,2007,121983
,2008,149024
,2009,173060
,2010,209180
,2011,220143
,2012,307252
,2013,324360
,2014,368175
,2015,317393
,2016,372899
,2017,404515
Cachoeirinha (PE),2002,37157
,2003,39674
,2004,44558
,2005,53648
,2006,60567
,2007,68534
,2008,81843
,2009,89553
,2010,118080
,2011,109826
,2012,122847
,2013,141178
,2014,155524
,2015,163066
,2016,171908
,2017,202198
Caetés (PE),2002,37536
,2003,41222
,2004,46396
,2005,52152
,2006,61029
,2007,71352
,2008,72775
,2009,85923
,2010,93503
,2011,103040
,2012,138719
,2013,142208
,2014,158295
,2015,197094
,2016,245079
,2017,417413
Calçado (PE),2002,22095
,2003,27268
,2004,30013
,2005,31296
,2006,36151
,2007,38223
,2008,40763
,2009,47930
,2010,51404
,2011,55018
,2012,63615
,2013,70081
,2014,86532
,2015,92197
,2016,75322
,2017,90315
Calumbi (PE),2002,11308
,2003,11962
,2004,13747
,2005,15850
,2006,17718
,2007,19132
,2008,20390
,2009,23960
,2010,24535
,2011,29332
,2012,34400
,2013,34686
,2014,36981
,2015,36748
,2016,42382
,2017,47509
Camaragibe (PE),2002,296359
,2003,327980
,2004,354934
,2005,398207
,2006,432161
,2007,511052
,2008,581382
,2009,655775
,2010,816857
,2011,894015
,2012,1023282
,2013,1115451
,2014,1330298
,2015,1363249
,2016,1473678
,2017,1757192
Camocim de São Félix (PE),2002,30068
,2003,32139
,2004,33839
,2005,40102
,2006,44994
,2007,47980
,2008,53231
,2009,55919
,2010,86057
,2011,93421
,2012,107443
,2013,113037
,2014,131189
,2015,139800
,2016,150311
,2017,160794
Camutanga (PE),2002,68326
,2003,64447
,2004,68267
,2005,71448
,2006,92060
,2007,79817
,2008,92565
,2009,118188
,2010,153563
,2011,178760
,2012,208298
,2013,178322
,2014,167050
,2015,226246
,2016,193417
,2017,190522
Canhotinho (PE),2002,45087
,2003,47677
,2004,53075
,2005,61432
,2006,70015
,2007,77064
,2008,81382
,2009,91819
,2010,98519
,2011,114579
,2012,124648
,2013,136098
,2014,174535
,2015,173922
,2016,198863
,2017,192969
Capoeiras (PE),2002,33748
,2003,39737
,2004,47083
,2005,53109
,2006,62176
,2007,69712
,2008,78221
,2009,86380
,2010,99091
,2011,106763
,2012,118428
,2013,125955
,2014,144707
,2015,150433
,2016,160263
,2017,198937
Carnaíba (PE),2002,38583
,2003,39056
,2004,35512
,2005,42089
,2006,48423
,2007,54248
,2008,59065
,2009,66911
,2010,75909
,2011,85404
,2012,97516
,2013,115515
,2014,135672
,2015,136364
,2016,140994
,2017,144919
Carnaubeira da Penha (PE),2002,15712
,2003,17465
,2004,21946
,2005,25091
,2006,29931
,2007,31977
,2008,38741
,2009,44828
,2010,47155
,2011,53251
,2012,54442
,2013,59614
,2014,66518
,2015,65701
,2016,73997
,2017,77113
Carpina (PE),2002,213788
,2003,253125
,2004,289908
,2005,326469
,2006,362541
,2007,403772
,2008,440461
,2009,477927
,2010,711552
,2011,772909
,2012,949327
,2013,1019101
,2014,1198805
,2015,1184604
,2016,1276878
,2017,1318990
Caruaru (PE),2002,1005382
,2003,1130389
,2004,1497799
,2005,1684148
,2006,1878596
,2007,2207162
,2008,2502115
,2009,2722791
,2010,3417378
,2011,3939283
,2012,4809622
,2013,5300774
,2014,6263040
,2015,6129055
,2016,6261484
,2017,6877208
Casinhas (PE),2002,19039
,2003,21382
,2004,25498
,2005,29847
,2006,31717
,2007,35299
,2008,41990
,2009,50146
,2010,63527
,2011,68951
,2012,64292
,2013,68748
,2014,74636
,2015,75585
,2016,81196
,2017,90224
Catende (PE),2002,81480
,2003,72333
,2004,83829
,2005,96143
,2006,106721
,2007,120673
,2008,128508
,2009,162039
,2010,213141
,2011,203995
,2012,206493
,2013,240803
,2014,266167
,2015,254555
,2016,264656
,2017,289182
Cedro (PE),2002,15713
,2003,17706
,2004,19731
,2005,22286
,2006,26229
,2007,29602
,2008,36211
,2009,38983
,2010,40678
,2011,56020
,2012,58239
,2013,66097
,2014,72077
,2015,74944
,2016,79587
,2017,87538
Chã de Alegria (PE),2002,27865
,2003,24383
,2004,27602
,2005,27809
,2006,32972
,2007,36565
,2008,39371
,2009,46383
,2010,58386
,2011,62332
,2012,63167
,2013,74628
,2014,82675
,2015,129253
,2016,123445
,2017,137979
Chã Grande (PE),2002,43217
,2003,47288
,2004,60761
,2005,66969
,2006,76779
,2007,82328
,2008,94086
,2009,111311
,2010,122339
,2011,127946
,2012,130510
,2013,148390
,2014,161507
,2015,165589
,2016,177495
,2017,207892
Condado (PE),2002,44784
,2003,46827
,2004,51094
,2005,56996
,2006,69512
,2007,73418
,2008,84214
,2009,100033
,2010,116037
,2011,128694
,2012,150451
,2013,166327
,2014,181699
,2015,191826
,2016,204465
,2017,214324
Correntes (PE),2002,34228
,2003,38910
,2004,40755
,2005,45945
,2006,52957
,2007,57756
,2008,62448
,2009,70090
,2010,75904
,2011,86144
,2012,92224
,2013,103763
,2014,111940
,2015,127158
,2016,133370
,2017,151082
Cortês (PE),2002,37511
,2003,46594
,2004,50738
,2005,58280
,2006,61264
,2007,57637
,2008,64614
,2009,80259
,2010,113094
,2011,131227
,2012,103497
,2013,92527
,2014,107719
,2015,104855
,2016,125968
,2017,105239
Cumaru (PE),2002,35759
,2003,39440
,2004,45926
,2005,54306
,2006,61793
,2007,50349
,2008,58064
,2009,59145
,2010,86152
,2011,93004
,2012,91736
,2013,86252
,2014,92807
,2015,96413
,2016,99239
,2017,97618
Cupira (PE),2002,45950
,2003,51114
,2004,56989
,2005,66899
,2006,73274
,2007,78317
,2008,89034
,2009,104364
,2010,128803
,2011,145998
,2012,174001
,2013,189583
,2014,213677
,2015,219798
,2016,227187
,2017,265443
Custódia (PE),2002,61579
,2003,67990
,2004,75817
,2005,91641
,2006,99374
,2007,117765
,2008,137428
,2009,167436
,2010,232834
,2011,237343
,2012,276960
,2013,284090
,2014,326659
,2015,339513
,2016,366080
,2017,428296
Dormentes (PE),2002,26333
,2003,36923
,2004,44278
,2005,47235
,2006,48405
,2007,56344
,2008,73397
,2009,77958
,2010,94863
,2011,117595
,2012,134832
,2013,149358
,2014,164596
,2015,160688
,2016,196360
,2017,214910
Escada (PE),2002,179119
,2003,204228
,2004,210903
,2005,230584
,2006,247430
,2007,269757
,2008,314122
,2009,406387
,2010,499040
,2011,464270
,2012,570559
,2013,663159
,2014,749816
,2015,714965
,2016,772482
,2017,871161
Exu (PE),2002,53503
,2003,61533
,2004,66999
,2005,76366
,2006,95677
,2007,102927
,2008,107983
,2009,119482
,2010,141179
,2011,153231
,2012,160364
,2013,187868
,2014,205477
,2015,209976
,2016,223198
,2017,238223
Feira Nova (PE),2002,28684
,2003,32236
,2004,36198
,2005,41626
,2006,46084
,2007,51518
,2008,59227
,2009,68946
,2010,80527
,2011,88950
,2012,111879
,2013,128068
,2014,138581
,2015,148819
,2016,167016
,2017,190770
Fernando de Noronha (PE),2002,22164
,2003,23905
,2004,28693
,2005,29535
,2006,32828
,2007,32843
,2008,37334
,2009,41976
,2010,57331
,2011,66735
,2012,71672
,2013,75858
,2014,94665
,2015,98289
,2016,124339
,2017,153512
Ferreiros (PE),2002,29599
,2003,30302
,2004,32209
,2005,37986
,2006,43712
,2007,51280
,2008,57886
,2009,62079
,2010,74248
,2011,81390
,2012,79866
,2013,94241
,2014,91045
,2015,90349
,2016,102205
,2017,106851
Flores (PE),2002,32878
,2003,39873
,2004,38656
,2005,48368
,2006,59272
,2007,58892
,2008,72585
,2009,80489
,2010,83016
,2011,99134
,2012,99310
,2013,108087
,2014,124764
,2015,122100
,2016,144801
,2017,183282
Floresta (PE),2002,71190
,2003,94461
,2004,112627
,2005,109139
,2006,119677
,2007,135446
,2008,155762
,2009,197492
,2010,248290
,2011,288008
,2012,334830
,2013,357062
,2014,368312
,2015,359574
,2016,395890
,2017,412808
Frei Miguelinho (PE),2002,19678
,2003,20276
,2004,23988
,2005,28853
,2006,30709
,2007,35877
,2008,43647
,2009,49747
,2010,55435
,2011,60497
,2012,68029
,2013,73924
,2014,84320
,2015,91349
,2016,97544
,2017,108792
Gameleira (PE),2002,44447
,2003,46667
,2004,57676
,2005,73193
,2006,78471
,2007,84989
,2008,94605
,2009,109977
,2010,114988
,2011,136236
,2012,139910
,2013,167754
,2014,190272
,2015,196206
,2016,236503
,2017,205422
Garanhuns (PE),2002,432351
,2003,468232
,2004,547987
,2005,625313
,2006,719340
,2007,807763
,2008,895109
,2009,986376
,2010,1201193
,2011,1366285
,2012,1582564
,2013,1798795
,2014,1865104
,2015,1988101
,2016,2090674
,2017,2342967
Glória do Goitá (PE),2002,48986
,2003,55938
,2004,61775
,2005,69888
,2006,78450
,2007,83387
,2008,93394
,2009,105373
,2010,123207
,2011,130784
,2012,166981
,2013,266069
,2014,368140
,2015,375755
,2016,399796
,2017,479098
Goiana (PE),2002,394160
,2003,465725
,2004,437150
,2005,472100
,2006,521923
,2007,581616
,2008,686158
,2009,767738
,2010,901542
,2011,986928
,2012,1197161
,2013,1523593
,2014,2417853
,2015,3928984
,2016,5570161
,2017,9146860
Granito (PE),2002,11636
,2003,11665
,2004,13030
,2005,14875
,2006,18131
,2007,20201
,2008,28593
,2009,30401
,2010,33838
,2011,35283
,2012,39014
,2013,43319
,2014,47792
,2015,51669
,2016,55864
,2017,57276
Gravatá (PE),2002,172337
,2003,194297
,2004,227507
,2005,259565
,2006,281633
,2007,325173
,2008,370660
,2009,417620
,2010,548708
,2011,646685
,2012,752719
,2013,854681
,2014,949021
,2015,935712
,2016,1015770
,2017,1068949
Iati (PE),2002,27081
,2003,29313
,2004,36557
,2005,38579
,2006,40388
,2007,51173
,2008,65416
,2009,72711
,2010,72340
,2011,81882
,2012,94871
,2013,103854
,2014,116668
,2015,133904
,2016,144604
,2017,148625
Ibimirim (PE),2002,50631
,2003,56864
,2004,62626
,2005,79309
,2006,84799
,2007,105061
,2008,130630
,2009,161119
,2010,156426
,2011,165853
,2012,176975
,2013,186120
,2014,217210
,2015,228963
,2016,254698
,2017,255908
Ibirajuba (PE),2002,14331
,2003,14320
,2004,18984
,2005,22125
,2006,28046
,2007,25807
,2008,29382
,2009,31624
,2010,35655
,2011,38310
,2012,38547
,2013,41028
,2014,51813
,2015,53019
,2016,56029
,2017,60416
Igarassu (PE),2002,415542
,2003,499201
,2004,566889
,2005,605005
,2006,754109
,2007,782993
,2008,1014023
,2009,1097248
,2010,1244019
,2011,1420640
,2012,1581025
,2013,1960412
,2014,2342659
,2015,2520261
,2016,2349046
,2017,2479117
Iguaracy (PE),2002,20878
,2003,22889
,2004,26287
,2005,29927
,2006,35052
,2007,34845
,2008,41417
,2009,45180
,2010,44467
,2011,51406
,2012,54487
,2013,58893
,2014,71593
,2015,72580
,2016,79331
,2017,77738
Inajá (PE),2002,22143
,2003,29213
,2004,30929
,2005,41037
,2006,45796
,2007,52260
,2008,60021
,2009,71300
,2010,81520
,2011,95747
,2012,117425
,2013,110578
,2014,128620
,2015,140279
,2016,153838
,2017,155277
Ingazeira (PE),2002,12511
,2003,13601
,2004,12790
,2005,15659
,2006,19073
,2007,17790
,2008,20412
,2009,23834
,2010,21277
,2011,27875
,2012,28031
,2013,27236
,2014,34221
,2015,37079
,2016,33362
,2017,34028
Ipojuca (PE),2002,666193
,2003,724316
,2004,1127969
,2005,1569490
,2006,1707230
,2007,2191525
,2008,2697465
,2009,3646874
,2010,5404486
,2011,5791875
,2012,7286940
,2013,7895299
,2014,7192677
,2015,8325554
,2016,11014801
,2017,10879739
Ipubi (PE),2002,46944
,2003,46849
,2004,50461
,2005,59829
,2006,77208
,2007,85088
,2008,97850
,2009,105868
,2010,131970
,2011,150626
,2012,177761
,2013,206381
,2014,212761
,2015,235669
,2016,254277
,2017,269159
Itacuruba (PE),2002,15618
,2003,15607
,2004,14917
,2005,15301
,2006,17507
,2007,18722
,2008,20881
,2009,25247
,2010,30961
,2011,38328
,2012,41137
,2013,42858
,2014,53928
,2015,49752
,2016,53161
,2017,53447
Itaíba (PE),2002,41144
,2003,46735
,2004,55843
,2005,67551
,2006,80886
,2007,96867
,2008,118579
,2009,133716
,2010,137037
,2011,152552
,2012,151120
,2013,162749
,2014,165890
,2015,174405
,2016,192632
,2017,204597
Ilha de Itamaracá (PE),2002,52066
,2003,50889
,2004,59313
,2005,67804
,2006,71835
,2007,73738
,2008,76046
,2009,88329
,2010,108150
,2011,128189
,2012,142852
,2013,179021
,2014,213944
,2015,208742
,2016,223094
,2017,239399
Itambé (PE),2002,92963
,2003,106212
,2004,104422
,2005,120922
,2006,153352
,2007,157238
,2008,192932
,2009,198377
,2010,214506
,2011,238508
,2012,244179
,2013,270184
,2014,358831
,2015,379557
,2016,464334
,2017,494960
Itapetim (PE),2002,25529
,2003,26999
,2004,28757
,2005,30264
,2006,36257
,2007,39730
,2008,43657
,2009,48083
,2010,54543
,2011,64066
,2012,61090
,2013,66954
,2014,84984
,2015,87568
,2016,94197
,2017,102339
Itapissuma (PE),2002,293453
,2003,324889
,2004,327808
,2005,359450
,2006,344266
,2007,390107
,2008,445251
,2009,436137
,2010,464780
,2011,515085
,2012,660575
,2013,1108225
,2014,1364119
,2015,1313939
,2016,1211172
,2017,1398050
Itaquitinga (PE),2002,36805
,2003,39739
,2004,40621
,2005,43162
,2006,55099
,2007,55817
,2008,71659
,2009,84559
,2010,144367
,2011,223289
,2012,142876
,2013,116693
,2014,141569
,2015,152428
,2016,130487
,2017,129671
Jaboatão dos Guararapes (PE),2002,2752387
,2003,3081451
,2004,3568221
,2005,4085464
,2006,4585963
,2007,5305071
,2008,6009544
,2009,6842489
,2010,7586200
,2011,8684332
,2012,10484473
,2013,12089771
,2014,13449683
,2015,13324825
,2016,13405930
,2017,13545569
Jaqueira (PE),2002,44403
,2003,28797
,2004,31398
,2005,32925
,2006,40258
,2007,43458
,2008,49960
,2009,54190
,2010,56164
,2011,61326
,2012,59833
,2013,67533
,2014,77683
,2015,79378
,2016,89450
,2017,101866
Jataúba (PE),2002,25323
,2003,27095
,2004,30996
,2005,35161
,2006,41205
,2007,45211
,2008,52087
,2009,61718
,2010,69387
,2011,78902
,2012,90482
,2013,92670
,2014,102360
,2015,104475
,2016,115146
,2017,119060
Jatobá (PE),2002,32188
,2003,27125
,2004,31794
,2005,34998
,2006,37068
,2007,42399
,2008,45575
,2009,57293
,2010,62557
,2011,68870
,2012,80981
,2013,94089
,2014,103377
,2015,104063
,2016,107626
,2017,122707
João Alfredo (PE),2002,46996
,2003,50126
,2004,56129
,2005,65609
,2006,77118
,2007,86372
,2008,99507
,2009,118593
,2010,129161
,2011,151376
,2012,176604
,2013,201565
,2014,215588
,2015,215545
,2016,234155
,2017,272386
Joaquim Nabuco (PE),2002,82013
,2003,70499
,2004,61786
,2005,51235
,2006,54825
,2007,81146
,2008,95555
,2009,106772
,2010,118083
,2011,114605
,2012,151201
,2013,86920
,2014,95120
,2015,109098
,2016,122048
,2017,125455
Jucati (PE),2002,15319
,2003,20952
,2004,24196
,2005,26610
,2006,33093
,2007,38886
,2008,46007
,2009,49856
,2010,47854
,2011,52783
,2012,64109
,2013,70032
,2014,72548
,2015,82950
,2016,94173
,2017,103840
Jupi (PE),2002,23851
,2003,31508
,2004,35712
,2005,37834
,2006,42603
,2007,49322
,2008,55270
,2009,63738
,2010,64570
,2011,74437
,2012,85648
,2013,103405
,2014,111482
,2015,119277
,2016,138470
,2017,153364
Jurema (PE),2002,31903
,2003,31885
,2004,31810
,2005,36825
,2006,43440
,2007,46455
,2008,53638
,2009,59784
,2010,63128
,2011,88351
,2012,75293
,2013,80409
,2014,86270
,2015,90683
,2016,101360
,2017,118757
Lagoa do Carro (PE),2002,40235
,2003,40406
,2004,42589
,2005,52173
,2006,53153
,2007,58724
,2008,59980
,2009,68282
,2010,81573
,2011,94147
,2012,107637
,2013,125280
,2014,151023
,2015,165925
,2016,201866
,2017,228084
Lagoa de Itaenga (PE),2002,78008
,2003,95056
,2004,108210
,2005,128005
,2006,111721
,2007,117724
,2008,133305
,2009,182214
,2010,205505
,2011,199514
,2012,219278
,2013,197247
,2014,237968
,2015,266120
,2016,289014
,2017,309436
Lagoa do Ouro (PE),2002,20893
,2003,22031
,2004,26004
,2005,29271
,2006,33865
,2007,39541
,2008,42085
,2009,46966
,2010,48887
,2011,56248
,2012,64257
,2013,69555
,2014,88209
,2015,94732
,2016,104262
,2017,112488
Lagoa dos Gatos (PE),2002,27746
,2003,28494
,2004,32477
,2005,37630
,2006,41074
,2007,44430
,2008,48186
,2009,53807
,2010,61841
,2011,67923
,2012,74566
,2013,79803
,2014,88185
,2015,92973
,2016,97710
,2017,128987
Lagoa Grande (PE),2002,60095
,2003,73359
,2004,76442
,2005,94871
,2006,111410
,2007,129174
,2008,146387
,2009,151248
,2010,181352
,2011,189174
,2012,206926
,2013,263259
,2014,257088
,2015,256751
,2016,287730
,2017,327706
Lajedo (PE),2002,73086
,2003,77264
,2004,99924
,2005,104747
,2006,125960
,2007,149950
,2008,154335
,2009,187481
,2010,191951
,2011,229515
,2012,267355
,2013,324636
,2014,381597
,2015,367335
,2016,410109
,2017,451194
Limoeiro (PE),2002,148235
,2003,157103
,2004,170843
,2005,191851
,2006,213088
,2007,238782
,2008,263841
,2009,284321
,2010,351643
,2011,395027
,2012,476889
,2013,539835
,2014,597236
,2015,607820
,2016,689023
,2017,743517
Macaparana (PE),2002,51305
,2003,58274
,2004,68720
,2005,77031
,2006,88298
,2007,85530
,2008,91424
,2009,106838
,2010,127859
,2011,140859
,2012,166151
,2013,185923
,2014,213843
,2015,224987
,2016,245292
,2017,242638
Machados (PE),2002,36485
,2003,24598
,2004,30459
,2005,32975
,2006,55833
,2007,57659
,2008,52453
,2009,60294
,2010,81179
,2011,81900
,2012,102651
,2013,102931
,2014,115315
,2015,101404
,2016,181474
,2017,200858
Manari (PE),2002,17572
,2003,17776
,2004,22691
,2005,26865
,2006,35367
,2007,43755
,2008,53393
,2009,63913
,2010,67476
,2011,79576
,2012,78257
,2013,87796
,2014,98422
,2015,101472
,2016,115891
,2017,118791
Maraial (PE),2002,30745
,2003,36283
,2004,41707
,2005,48709
,2006,52149
,2007,55656
,2008,51991
,2009,67187
,2010,82832
,2011,89749
,2012,60375
,2013,65216
,2014,67940
,2015,70629
,2016,78501
,2017,85691
Mirandiba (PE),2002,19657
,2003,24155
,2004,26300
,2005,33277
,2006,45569
,2007,44870
,2008,49850
,2009,61802
,2010,68526
,2011,78248
,2012,87734
,2013,104043
,2014,118714
,2015,126355
,2016,141065
,2017,156014
Moreno (PE),2002,142053
,2003,167971
,2004,189215
,2005,213663
,2006,264969
,2007,272215
,2008,277503
,2009,312778
,2010,342814
,2011,377378
,2012,413527
,2013,488626
,2014,560229
,2015,567983
,2016,630344
,2017,682663
Nazaré da Mata (PE),2002,112999
,2003,125767
,2004,138630
,2005,127382
,2006,159397
,2007,156402
,2008,174357
,2009,196221
,2010,236000
,2011,268489
,2012,320060
,2013,349619
,2014,402375
,2015,423492
,2016,469784
,2017,520206
Olinda (PE),2002,1453992
,2003,1455443
,2004,1705688
,2005,1890770
,2006,2112418
,2007,2211472
,2008,2464444
,2009,2768321
,2010,3479823
,2011,3889369
,2012,4404632
,2013,4899995
,2014,5348686
,2015,5272572
,2016,5271214
,2017,5438691
Orobó (PE),2002,57111
,2003,59142
,2004,68046
,2005,75878
,2006,90368
,2007,95384
,2008,96964
,2009,112804
,2010,126101
,2011,140991
,2012,176545
,2013,199940
,2014,225019
,2015,261420
,2016,311810
,2017,333817
Orocó (PE),2002,25962
,2003,40198
,2004,47140
,2005,51901
,2006,51087
,2007,60927
,2008,91154
,2009,88198
,2010,112159
,2011,99014
,2012,114678
,2013,138099
,2014,150080
,2015,158913
,2016,212003
,2017,150432
Ouricuri (PE),2002,116127
,2003,122151
,2004,144953
,2005,175446
,2006,193194
,2007,215830
,2008,235692
,2009,263561
,2010,302985
,2011,332911
,2012,380335
,2013,435273
,2014,493483
,2015,501423
,2016,552333
,2017,612341
Palmares (PE),2002,165432
,2003,172804
,2004,201722
,2005,243508
,2006,271991
,2007,326746
,2008,367969
,2009,441263
,2010,484107
,2011,554135
,2012,653201
,2013,760503
,2014,813566
,2015,784772
,2016,813866
,2017,833884
Palmeirina (PE),2002,16250
,2003,19787
,2004,21755
,2005,24089
,2006,27456
,2007,28967
,2008,32576
,2009,35010
,2010,36329
,2011,40238
,2012,43493
,2013,49784
,2014,56937
,2015,63865
,2016,72701
,2017,72516
Panelas (PE),2002,41139
,2003,47257
,2004,51238
,2005,56538
,2006,65944
,2007,72653
,2008,86005
,2009,92761
,2010,103495
,2011,113806
,2012,126485
,2013,137346
,2014,152974
,2015,159629
,2016,163803
,2017,175773
Paranatama (PE),2002,15082
,2003,18753
,2004,21517
,2005,24466
,2006,30539
,2007,39016
,2008,46736
,2009,50655
,2010,48323
,2011,56704
,2012,65799
,2013,63151
,2014,74544
,2015,106862
,2016,197585
,2017,242705
Parnamirim (PE),2002,37689
,2003,39361
,2004,43281
,2005,52808
,2006,63230
,2007,67106
,2008,75361
,2009,85846
,2010,103284
,2011,120582
,2012,137221
,2013,143153
,2014,157955
,2015,152050
,2016,165590
,2017,163949
Passira (PE),2002,43223
,2003,49550
,2004,56388
,2005,63646
,2006,76954
,2007,79469
,2008,95245
,2009,106253
,2010,124260
,2011,137800
,2012,145121
,2013,164441
,2014,189465
,2015,185144
,2016,207198
,2017,220034
Paudalho (PE),2002,131024
,2003,130970
,2004,126338
,2005,163133
,2006,190282
,2007,214991
,2008,221298
,2009,255175
,2010,310726
,2011,351104
,2012,435135
,2013,457881
,2014,514209
,2015,596613
,2016,671465
,2017,758422
Paulista (PE),2002,871070
,2003,918506
,2004,1014293
,2005,1101729
,2006,1254719
,2007,1441593
,2008,1701468
,2009,1863690
,2010,2155696
,2011,2723359
,2012,3454293
,2013,3772154
,2014,4182900
,2015,4001582
,2016,3803798
,2017,4019150
Pedra (PE),2002,33867
,2003,38377
,2004,47352
,2005,59711
,2006,71405
,2007,65203
,2008,91015
,2009,96008
,2010,104870
,2011,115959
,2012,125970
,2013,147309
,2014,150838
,2015,206289
,2016,214332
,2017,243895
Pesqueira (PE),2002,129778
,2003,140045
,2004,161531
,2005,182641
,2006,219022
,2007,245507
,2008,277168
,2009,307982
,2010,353864
,2011,388135
,2012,487066
,2013,555170
,2014,604086
,2015,633189
,2016,644277
,2017,691973
Petrolândia (PE),2002,440598
,2003,564257
,2004,588020
,2005,507543
,2006,555249
,2007,615783
,2008,635839
,2009,598256
,2010,932345
,2011,891557
,2012,1067584
,2013,443407
,2014,580015
,2015,855688
,2016,898029
,2017,1078385
Petrolina (PE),2002,1142406
,2003,1361865
,2004,1504295
,2005,1805349
,2006,1867105
,2007,2038883
,2008,2377067
,2009,2662758
,2010,3434155
,2011,3781200
,2012,4441302
,2013,4882785
,2014,5325907
,2015,5550217
,2016,5764621
,2017,5990719
Poção (PE),2002,19843
,2003,20296
,2004,24100
,2005,30501
,2006,32992
,2007,38052
,2008,41473
,2009,42679
,2010,50005
,2011,55306
,2012,59869
,2013,66423
,2014,72965
,2015,74299
,2016,78902
,2017,85559
Pombos (PE),2002,52883
,2003,61855
,2004,66704
,2005,81754
,2006,89656
,2007,94658
,2008,107024
,2009,123874
,2010,161601
,2011,193836
,2012,224131
,2013,250985
,2014,298836
,2015,316184
,2016,336850
,2017,363992
Primavera (PE),2002,49951
,2003,53207
,2004,57277
,2005,59841
,2006,70399
,2007,69058
,2008,63466
,2009,85558
,2010,131399
,2011,127795
,2012,126547
,2013,130795
,2014,131693
,2015,140481
,2016,158817
,2017,168830
Quipapá (PE),2002,44721
,2003,47073
,2004,46900
,2005,52367
,2006,58799
,2007,64568
,2008,74389
,2009,102606
,2010,150189
,2011,156238
,2012,139310
,2013,143411
,2014,166485
,2015,172929
,2016,192355
,2017,175524
Quixaba (PE),2002,17533
,2003,16244
,2004,15214
,2005,17657
,2006,21117
,2007,22141
,2008,24616
,2009,26789
,2010,25990
,2011,32454
,2012,33875
,2013,37302
,2014,42973
,2015,41157
,2016,49271
,2017,49184
Recife (PE),2002,14191374
,2003,14315781
,2004,16930236
,2005,18411181
,2006,20034536
,2007,22807919
,2008,24657610
,2009,28015832
,2010,33369681
,2011,37630879
,2012,42890606
,2013,46771183
,2014,50515887
,2015,48059861
,2016,49405397
,2017,51859618
Riacho das Almas (PE),2002,30921
,2003,35210
,2004,37957
,2005,43281
,2006,57412
,2007,63012
,2008,71493
,2009,81817
,2010,95539
,2011,102770
,2012,120761
,2013,132413
,2014,160184
,2015,157550
,2016,153238
,2017,166317
Ribeirão (PE),2002,94586
,2003,108724
,2004,123786
,2005,143109
,2006,160654
,2007,158276
,2008,190460
,2009,220348
,2010,265945
,2011,286722
,2012,305727
,2013,329983
,2014,373601
,2015,368780
,2016,410767
,2017,387477
Rio Formoso (PE),2002,98448
,2003,98642
,2004,135051
,2005,135819
,2006,150992
,2007,136960
,2008,138111
,2009,133339
,2010,185176
,2011,192835
,2012,228327
,2013,214780
,2014,229496
,2015,247717
,2016,273842
,2017,259945
Sairé (PE),2002,28951
,2003,30378
,2004,34141
,2005,40682
,2006,47524
,2007,49298
,2008,55200
,2009,62317
,2010,95253
,2011,104248
,2012,105325
,2013,102350
,2014,121148
,2015,136803
,2016,150976
,2017,144538
Salgadinho (PE),2002,11547
,2003,13020
,2004,13825
,2005,16302
,2006,18417
,2007,20736
,2008,23725
,2009,26465
,2010,37427
,2011,41404
,2012,41449
,2013,43979
,2014,49470
,2015,51681
,2016,58288
,2017,62146
Salgueiro (PE),2002,154506
,2003,155657
,2004,185303
,2005,211028
,2006,230395
,2007,272715
,2008,329560
,2009,381952
,2010,858894
,2011,882514
,2012,799998
,2013,658744
,2014,776671
,2015,744482
,2016,784309
,2017,792726
Saloá (PE),2002,25889
,2003,27046
,2004,31887
,2005,36733
,2006,41550
,2007,47435
,2008,59359
,2009,62091
,2010,65963
,2011,72844
,2012,81894
,2013,92905
,2014,106997
,2015,110964
,2016,120161
,2017,143504
Sanharó (PE),2002,33630
,2003,36577
,2004,41442
,2005,49885
,2006,57448
,2007,65003
,2008,73346
,2009,84714
,2010,102757
,2011,113985
,2012,131543
,2013,147157
,2014,162989
,2015,169494
,2016,178103
,2017,193931
Santa Cruz (PE),2002,19876
,2003,20110
,2004,22197
,2005,27088
,2006,30513
,2007,34442
,2008,47173
,2009,54345
,2010,53712
,2011,64206
,2012,67643
,2013,78769
,2014,88523
,2015,91094
,2016,97963
,2017,100497
Santa Cruz da Baixa Verde (PE),2002,15741
,2003,17429
,2004,19333
,2005,22442
,2006,26116
,2007,28218
,2008,33577
,2009,39735
,2010,42446
,2011,46040
,2012,50397
,2013,57869
,2014,67244
,2015,68588
,2016,79023
,2017,83550
Santa Cruz do Capibaribe (PE),2002,183089
,2003,192227
,2004,244254
,2005,285026
,2006,359963
,2007,430267
,2008,514770
,2009,546076
,2010,727015
,2011,852564
,2012,1017659
,2013,1112948
,2014,1261072
,2015,1247036
,2016,1300317
,2017,1428396
Santa Filomena (PE),2002,19545
,2003,19987
,2004,22081
,2005,27526
,2006,31852
,2007,31480
,2008,39827
,2009,46864
,2010,49851
,2011,54274
,2012,58602
,2013,63204
,2014,73970
,2015,75239
,2016,82616
,2017,91202
Santa Maria da Boa Vista (PE),2002,103699
,2003,136581
,2004,187334
,2005,209842
,2006,230702
,2007,237417
,2008,300579
,2009,276938
,2010,285502
,2011,280809
,2012,342768
,2013,419963
,2014,442531
,2015,431807
,2016,441072
,2017,516496
Santa Maria do Cambucá (PE),2002,18169
,2003,19725
,2004,23815
,2005,25761
,2006,30464
,2007,34137
,2008,38676
,2009,44473
,2010,55950
,2011,66068
,2012,71174
,2013,71842
,2014,80696
,2015,85053
,2016,94945
,2017,101717
Santa Terezinha (PE),2002,22994
,2003,21664
,2004,20932
,2005,22805
,2006,25702
,2007,29458
,2008,32674
,2009,34662
,2010,37797
,2011,48967
,2012,50431
,2013,54309
,2014,62193
,2015,66655
,2016,76148
,2017,81844
São Benedito do Sul (PE),2002,19654
,2003,19488
,2004,22777
,2005,28346
,2006,29894
,2007,35048
,2008,36577
,2009,40683
,2010,50215
,2011,63465
,2012,67420
,2013,69033
,2014,76591
,2015,79765
,2016,97754
,2017,96163
São Bento do Una (PE),2002,122058
,2003,129887
,2004,121769
,2005,162685
,2006,210410
,2007,237371
,2008,259158
,2009,292776
,2010,348342
,2011,491223
,2012,595750
,2013,649597
,2014,734693
,2015,836829
,2016,966182
,2017,953039
São Caitano (PE),2002,59140
,2003,60170
,2004,71302
,2005,84809
,2006,97589
,2007,106967
,2008,118381
,2009,140819
,2010,167385
,2011,195544
,2012,216122
,2013,249658
,2014,303404
,2015,317449
,2016,321975
,2017,350502
São João (PE),2002,37898
,2003,49189
,2004,55596
,2005,51453
,2006,59360
,2007,77095
,2008,76564
,2009,92272
,2010,97079
,2011,109291
,2012,129387
,2013,150420
,2014,159140
,2015,160587
,2016,200962
,2017,202414
São Joaquim do Monte (PE),2002,35872
,2003,40395
,2004,46254
,2005,55396
,2006,56179
,2007,61794
,2008,71756
,2009,81481
,2010,121436
,2011,123576
,2012,115771
,2013,119288
,2014,132182
,2015,143238
,2016,152766
,2017,168147
São José da Coroa Grande (PE),2002,27710
,2003,31728
,2004,38011
,2005,39349
,2006,45620
,2007,53906
,2008,61260
,2009,77796
,2010,93313
,2011,126571
,2012,163463
,2013,181662
,2014,205035
,2015,179212
,2016,193050
,2017,251104
São José do Belmonte (PE),2002,55173
,2003,74920
,2004,73947
,2005,77975
,2006,93271
,2007,95563
,2008,109611
,2009,126389
,2010,143041
,2011,167993
,2012,186196
,2013,203231
,2014,227600
,2015,220638
,2016,247225
,2017,256653
São José do Egito (PE),2002,76491
,2003,78848
,2004,85070
,2005,94576
,2006,111790
,2007,117945
,2008,132624
,2009,145826
,2010,162589
,2011,182920
,2012,206379
,2013,243016
,2014,298310
,2015,298657
,2016,298691
,2017,362864
São Lourenço da Mata (PE),2002,226813
,2003,242938
,2004,241950
,2005,251967
,2006,280314
,2007,303798
,2008,366701
,2009,423223
,2010,553856
,2011,796682
,2012,1047666
,2013,819448
,2014,910032
,2015,979004
,2016,1050789
,2017,1107308
São Vicente Férrer (PE),2002,46251
,2003,54880
,2004,73585
,2005,87597
,2006,100137
,2007,84365
,2008,86871
,2009,86776
,2010,98702
,2011,119289
,2012,138315
,2013,162084
,2014,208882
,2015,188903
,2016,225145
,2017,235695
Serra Talhada (PE),2002,272640
,2003,260587
,2004,294910
,2005,331018
,2006,393259
,2007,443239
,2008,526134
,2009,586658
,2010,746908
,2011,902032
,2012,1027708
,2013,1090726
,2014,1252558
,2015,1228482
,2016,1284216
,2017,1337330
Serrita (PE),2002,28992
,2003,30566
,2004,36204
,2005,41070
,2006,45764
,2007,52733
,2008,64635
,2009,70258
,2010,73744
,2011,88884
,2012,98463
,2013,105813
,2014,114302
,2015,118649
,2016,134694
,2017,136775
Sertânia (PE),2002,61799
,2003,65782
,2004,73139
,2005,85865
,2006,93143
,2007,100212
,2008,120267
,2009,197999
,2010,201493
,2011,190651
,2012,211000
,2013,225298
,2014,252696
,2015,270546
,2016,285901
,2017,278620
Sirinhaém (PE),2002,97754
,2003,119778
,2004,149778
,2005,164025
,2006,181323
,2007,189725
,2008,207281
,2009,246701
,2010,358797
,2011,369841
,2012,411496
,2013,422508
,2014,486856
,2015,507264
,2016,559962
,2017,482239
Moreilândia (PE),2002,19442
,2003,23121
,2004,23839
,2005,28109
,2006,31231
,2007,33079
,2008,38998
,2009,42297
,2010,48480
,2011,51587
,2012,60752
,2013,68026
,2014,75837
,2015,69917
,2016,79967
,2017,81064
Solidão (PE),2002,11632
,2003,13414
,2004,12793
,2005,15166
,2006,17628
,2007,18211
,2008,18820
,2009,23657
,2010,25159
,2011,28781
,2012,29675
,2013,33768
,2014,37974
,2015,37011
,2016,38889
,2017,41240
Surubim (PE),2002,111594
,2003,116957
,2004,135215
,2005,159803
,2006,182220
,2007,208918
,2008,244894
,2009,273837
,2010,398380
,2011,442607
,2012,538659
,2013,596604
,2014,662351
,2015,654815
,2016,699165
,2017,771791
Tabira (PE),2002,47426
,2003,49084
,2004,56621
,2005,69071
,2006,76693
,2007,81185
,2008,92404
,2009,104828
,2010,113400
,2011,128855
,2012,151991
,2013,188414
,2014,210482
,2015,210454
,2016,226257
,2017,249042
Tacaimbó (PE),2002,23565
,2003,24618
,2004,27109
,2005,33182
,2006,38286
,2007,40360
,2008,44629
,2009,49899
,2010,54311
,2011,62232
,2012,67036
,2013,81637
,2014,96813
,2015,103108
,2016,115003
,2017,126856
Tacaratu (PE),2002,26140
,2003,29487
,2004,35348
,2005,40265
,2006,43878
,2007,50727
,2008,59939
,2009,65193
,2010,79676
,2011,90182
,2012,100462
,2013,117543
,2014,141935
,2015,275464
,2016,149948
,2017,170641
Tamandaré (PE),2002,42759
,2003,49697
,2004,58117
,2005,68599
,2006,80397
,2007,80567
,2008,99623
,2009,112153
,2010,159827
,2011,190233
,2012,219413
,2013,208656
,2014,232456
,2015,241838
,2016,276930
,2017,285465
Taquaritinga do Norte (PE),2002,41718
,2003,43331
,2004,49888
,2005,56947
,2006,64302
,2007,68717
,2008,93009
,2009,103413
,2010,119355
,2011,136359
,2012,179096
,2013,193041
,2014,212457
,2015,203769
,2016,224758
,2017,264932
Terezinha (PE),2002,9559
,2003,12729
,2004,14559
,2005,15714
,2006,16455
,2007,19472
,2008,24360
,2009,26606
,2010,31545
,2011,36253
,2012,34530
,2013,37921
,2014,43315
,2015,47387
,2016,51913
,2017,51417
Terra Nova (PE),2002,12543
,2003,13503
,2004,15789
,2005,21410
,2006,21893
,2007,26708
,2008,30866
,2009,38676
,2010,38700
,2011,43037
,2012,50649
,2013,52948
,2014,57473
,2015,58094
,2016,62601
,2017,67423
Timbaúba (PE),2002,176902
,2003,216676
,2004,244133
,2005,258977
,2006,313658
,2007,333448
,2008,359160
,2009,408517
,2010,471339
,2011,520299
,2012,591619
,2013,592476
,2014,644281
,2015,601959
,2016,619712
,2017,647078
Toritama (PE),2002,54358
,2003,67000
,2004,91104
,2005,107658
,2006,130391
,2007,161571
,2008,190240
,2009,200160
,2010,282076
,2011,357136
,2012,528127
,2013,576422
,2014,599977
,2015,571132
,2016,579219
,2017,624447
Tracunhaém (PE),2002,36697
,2003,41046
,2004,43876
,2005,47599
,2006,56702
,2007,56754
,2008,64491
,2009,74377
,2010,79874
,2011,85657
,2012,82967
,2013,84863
,2014,95902
,2015,106811
,2016,103239
,2017,101554
Trindade (PE),2002,50560
,2003,59565
,2004,58448
,2005,69133
,2006,85660
,2007,86465
,2008,114417
,2009,129295
,2010,157479
,2011,186384
,2012,213982
,2013,261824
,2014,273605
,2015,284063
,2016,291089
,2017,281832
Triunfo (PE),2002,28106
,2003,30357
,2004,31070
,2005,35831
,2006,41761
,2007,46491
,2008,52665
,2009,60906
,2010,66198
,2011,78199
,2012,87501
,2013,101882
,2014,112670
,2015,110441
,2016,130760
,2017,138875
Tupanatinga (PE),2002,30349
,2003,33923
,2004,40058
,2005,48582
,2006,56448
,2007,63657
,2008,74369
,2009,84514
,2010,98192
,2011,109655
,2012,127908
,2013,134988
,2014,146793
,2015,150550
,2016,172195
,2017,184087
Tuparetama (PE),2002,17537
,2003,19419
,2004,20319
,2005,22728
,2006,27288
,2007,29957
,2008,34088
,2009,36179
,2010,38870
,2011,46444
,2012,52284
,2013,56900
,2014,63785
,2015,64689
,2016,68985
,2017,75783
Venturosa (PE),2002,26276
,2003,28059
,2004,33530
,2005,41376
,2006,46635
,2007,54577
,2008,63511
,2009,69156
,2010,79376
,2011,93743
,2012,106324
,2013,109806
,2014,129587
,2015,142730
,2016,169835
,2017,207645
Verdejante (PE),2002,15646
,2003,16788
,2004,17791
,2005,22854
,2006,25545
,2007,24478
,2008,40206
,2009,37743
,2010,37419
,2011,43785
,2012,45099
,2013,50109
,2014,58498
,2015,58781
,2016,62126
,2017,64768
Vertente do Lério (PE),2002,17277
,2003,18711
,2004,20159
,2005,23576
,2006,25638
,2007,27660
,2008,32293
,2009,36475
,2010,52062
,2011,57014
,2012,60197
,2013,67685
,2014,56594
,2015,61343
,2016,58956
,2017,67079
Vertentes (PE),2002,25201
,2003,27901
,2004,32400
,2005,35114
,2006,42525
,2007,47177
,2008,56370
,2009,64551
,2010,80661
,2011,91222
,2012,112239
,2013,126498
,2014,140663
,2015,161396
,2016,147148
,2017,153721
Vicência (PE),2002,103299
,2003,120888
,2004,139004
,2005,167467
,2006,193410
,2007,175109
,2008,179654
,2009,196817
,2010,214258
,2011,251245
,2012,274324
,2013,288686
,2014,344479
,2015,342274
,2016,378060
,2017,357344
Vitória de Santo Antão (PE),2002,425549
,2003,478241
,2004,542737
,2005,625235
,2006,690138
,2007,798781
,2008,945066
,2009,1073335
,2010,1461947
,2011,1789173
,2012,2219786
,2013,2583944
,2014,2950014
,2015,3090716
,2016,3207949
,2017,3691943
Xexéu (PE),2002,24768
,2003,26518
,2004,30815
,2005,36816
,2006,40485
,2007,46153
,2008,49136
,2009,61965
,2010,65972
,2011,77146
,2012,76279
,2013,77246
,2014,92745
,2015,105004
,2016,114477
,2017,104732
"Fonte: IBGE, em parceria com os Órgãos Estaduais de Estatística, Secretarias Estaduais de Governo e Superintendência da Zona Franca de Manaus - SUFRAMA",,
